abcsissa,precision_mean,precision_std,recall_mean,recall_std
0.02069919709045778,0.0,0.0,0.0,0.0
0.04875340979397999,0.0,0.0,0.0,0.0
0.02724956034185687,0.0,0.0,0.0,0.0
0.03407497377295703,0.0,0.0,0.0,0.0
0.01444256487321753,0.0,0.0,0.0,0.0
0.07257304562870873,0.0,0.0,0.0,0.0
0.06442984662034186,0.0,0.0,0.0,0.0
0,0.0,0.0,0.0,0.0
0.08085586977681382,0.0,0.0,0.0,0.0
0.05648247144971155,0.0,0.0,0.0,0.0
0.09795264718668976,0.0,0.0,0.0,0.0
0.08932810473756746,0.0,0.0,0.0,0.0
0.04124309726720158,0.0,0.0,0.0,0.0
0.00847867126218693,0.0,0.0,0.0,0.0
0.1067714928780041,0.0,0.0,0.0,0.0
0.115785157775559,0.0,0.0,0.0,0.0
0.184180121609546,0.0,0.0,0.0,0.0
0.1343519707354945,0.0,0.0,0.0,0.0
0.2279196138163445,0.0,0.0,0.0,0.0
0.2166393115463836,0.0,0.0,0.0,0.0
0.1249670425945567,0.0,0.0,0.0,0.0
0.2753302857896892,0.0,0.0,0.0,0.0
0.1947754587013036,0.0,0.0,0.0,0.0
0.2631217767939004,0.0,0.0,0.0,0.0
0.1439126312863969,0.0,0.0,0.0,0.0
0.1738161159798937,0.0,0.0,0.0,0.0
0.2511351436218341,0.0,0.0,0.0,0.0
0.2393961553637096,0.0,0.0,0.0,0.0
0.2878221732472351,0.0,0.0,0.0,0.0
0.1536851954168442,0.0,0.0,0.0,0.0
0.2056101317139743,0.0,0.0,0.0,0.0
0.1636399133214082,0.0,0.0,0.0,0.0
0.3005522536851158,0.0,0.0,0.0,0.0
0.353553515130844,0.0,0.0,0.0,0.0
0.3778548462947648,0.0,0.0,0.0,0.0
0.3402431405552181,0.0,0.0,0.0,0.0
0.3884325289826553,0.0,0.0,0.0,0.0
0.4344725237620121,0.0,0.0,0.0,0.0
0.3981058459391542,0.0,0.0,0.0,0.0
0.3135293879508489,0.0,0.0,0.0,0.0
0.3268067260745725,0.0,0.0,0.0,0.0
0.4067972232053819,0.0,0.0,0.0,0.0
0.4219805251307858,0.0,0.0,0.0,0.0
0.3662590677381747,0.0,0.0,0.0,0.0
0.4447705218472457,0.0,0.0,0.0,0.0
0.4147817897378231,0.0,0.0,0.0,0.0
0.4398170637951847,0.0,0.0,0.0,0.0
0.4285202731316989,0.0,0.0,0.0,0.0
0.4532667390523739,0.0,0.0,0.0,0.0
0.4491705355359698,0.0,0.0,0.0,0.0
0.4632785571138946,0.16333333333333333,0.32675168961562645,0.1,0.30000000000000004
0.4710542624827957,0.36135786273529896,0.4432147422684061,0.18571428571428572,0.37279966716285395
0.4686585071652281,0.17222222222222222,0.3464547072815303,0.19130434782608696,0.38310244820714234
0.4601759933114536,0.07142857142857142,0.2142857142857143,0.1,0.20000000000000004
0.4661452224189588,0.08,0.24000000000000002,0.1,0.30000000000000004
0.4755943520843441,0.28244444444444444,0.4322761463077354,0.16576086956521738,0.3321648253081935
0.4569697702871844,0.07777777777777778,0.23333333333333334,0.0,0.0
0.4815298267681945,0.5072672672672673,0.41672202086452864,0.25743589743589745,0.4024043452396092
0.477595197248724,0.16111111111111112,0.3224615969095878,0.5075115309408788,0.4210603737794065
0.4833369596225703,0.4401897951229764,0.4435808443430304,0.490625,0.4913410380021192
0.4795960054851082,0.29151785714285716,0.36155075618572474,0.5438081273565144,0.44613617294071506
0.4850842443097722,0.1792924528301887,0.3588119494121396,0.6073068598068598,0.4074717279822383
0.4868219410229009,0.6560496826967633,0.43014776807905764,0.4307368189565122,0.43098296521276286
0.4734230149860538,0.3499245326831534,0.4333202562033234,0.07727272727272727,0.2318181818181818
0.4899956190646461,0.6812592592592592,0.18985296454927467,0.9384767565397445,0.06701648418029102
0.4929995306259274,0.791754043944611,0.07879612944229848,0.9857142857142858,0.04285714285714287
0.4915355531146781,0.7600555368253288,0.15233618127273668,0.9342713699999058,0.08778688669701575
0.4957501727472284,0.9109999999999999,0.033301651610693435,1.0,0.0
0.504211564011344,1.0,0.0,1.0,0.0
0.4943796847701009,0.8351176470588235,0.058050240738751376,0.9902439024390244,0.029268292682926824
0.488455999342307,0.4281519981519981,0.44830368818796573,0.766376050306283,0.3842714621832652
0.4970516152747042,0.9729999999999999,0.02051828452868321,1.0,0.0
0.5030434637694089,1.0,0.0,1.0,0.0
0.5007023606914568,1.0,0.0,1.0,0.0
0.5018724770670737,1.0,0.0,1.0,0.0
0.4995104946781995,1.0,0.0,1.0,0.0
0.4982859110637386,0.9950000000000001,0.0050000000000000044,1.0,0.0
0.5053781717598436,1.0,0.0,1.0,0.0
0.5077130689015826,1.0,0.0,1.0,0.0
0.5065459436305716,1.0,0.0,1.0,0.0
0.5123707811021337,1.0,0.0,1.0,0.0
0.5112066002695136,1.0,0.0,1.0,0.0
0.5088780855363779,1.0,0.0,1.0,0.0
0.5100422645693309,1.0,0.0,1.0,0.0
0.5170241029447149,1.0,0.0,1.0,0.0
0.5146975426435169,1.0,0.0,1.0,0.0
0.5216759838699934,0.999,0.0030000000000000022,1.0,0.0
0.5135343460957491,1.0,0.0,1.0,0.0
0.5181873804099968,1.0,0.0,1.0,0.0
0.5205132214534522,1.0,0.0,1.0,0.0
0.5251714409434964,0.998,0.0040000000000000036,1.0,0.0
0.5193504041217993,1.0,0.0,1.0,0.0
0.5240015955534855,0.998,0.0040000000000000036,1.0,0.0
0.5158607648266545,1.0,0.0,1.0,0.0
0.522838772279698,0.998,0.0040000000000000036,1.0,0.0
0.5263632452624073,0.998,0.0040000000000000036,1.0,0.0
0.5287766529237132,0.9950000000000001,0.006708203932499375,1.0,0.0
0.5311900555351567,0.993,0.006403124237432854,1.0,0.0
0.527569966669258,0.9960000000000001,0.00489897948556636,1.0,0.0
0.5349323749528359,0.99,0.006324555320336764,1.0,0.0
0.5362899766000385,0.985,0.010246950765959608,1.0,0.0
0.5299833440438736,0.9940000000000001,0.006633249580710806,1.0,0.0
0.5336268540859525,0.993,0.006403124237432854,1.0,0.0
0.5323967798218254,0.993,0.006403124237432854,1.0,0.0
0.5390051408676416,0.9790000000000001,0.013000000000000012,1.0,0.0
0.5376475577555301,0.9810000000000001,0.013000000000000012,1.0,0.0
0.5430982664783573,0.9620000000000001,0.015999999999999986,1.0,0.0
0.5403627351470048,0.9770000000000001,0.011874342087037928,1.0,0.0
0.5417203372151477,0.967,0.018466185312619374,1.0,0.0
0.5461917408133796,0.951,0.01445683229480095,1.0,0.0
0.5445955134712518,0.9560000000000001,0.015620499351813297,1.0,0.0
0.5477879549412714,0.945,0.012845232578665105,1.0,0.0
0.5559941102393334,0.9129999999999999,0.01734935157289747,1.0,0.0
0.5509803954158928,0.9390000000000001,0.012999999999999972,1.0,0.0
0.5525766237619382,0.9269999999999999,0.015524174696260004,1.0,0.0
0.5542187936565012,0.9189999999999999,0.013747727084867515,1.0,0.0
0.5597191358031268,0.899,0.022113344387496,1.0,0.0
0.549384171256201,0.943,0.0126885775404495,1.0,0.0
0.5578566258299456,0.907,0.01734935157289749,1.0,0.0
0.5615816496237324,0.8872528735632184,0.026615411006631524,1.0,0.0
0.5634441689333874,0.869,0.02118962010041711,1.0,0.0
0.5672971944610965,0.8461063829787234,0.022471157510756894,1.0,0.0
0.5715892903418515,0.8258131868131869,0.02465511168219167,1.0,0.0
0.5653066878692595,0.8623978494623655,0.027488508619774893,1.0,0.0
0.5780549983944242,0.7849535603715171,0.03893836001092083,0.9933333333333334,0.019999999999999997
0.5694340589740584,0.8606960039808745,0.05550352365256088,0.969174869040072,0.048874745653172236
0.5758997604628043,0.8133130590339894,0.04427394934158786,0.9780752640190391,0.044117530534049994
0.5737445231957086,0.8221052631578948,0.04119139839746954,1.0,0.0
0.5805710467337694,0.7901309041835357,0.06762856282109851,0.9833333333333334,0.04999999999999999
0.5835539107340597,0.7565662650602409,0.056225399452740785,0.9571711321711323,0.05443220997560753
0.5897316531793427,0.7357843026538678,0.06625562446949713,0.9548473340726862,0.08603906121566138
0.5976271102723039,0.7675555998897188,0.12682911138578354,0.9615816701038135,0.09218733750309535
0.6094776179300351,0.6629797492767598,0.13337076035558576,0.9654678654678654,0.054247821120661156
0.5866427799182875,0.728,0.02925747767665559,0.9845634839501125,0.02669857542342661
0.5930496585165773,0.7378157437777348,0.09833070520834415,0.99,0.020253495541082606
0.6260121329889101,0.5750000000000001,0.0525832673005396,0.976051495867164,0.03693037979726565
0.6032348823743433,0.6870430107526881,0.09953432154514667,0.9831340228399051,0.026993496227456813
0.6484146524657197,0.07719298245614034,0.23157894736842102,0.08333333333333334,0.24999999999999997
0.661639262032505,0.14535714285714288,0.2942564565899922,0.45026270720626327,0.45236568765058643
0.6170350289154811,0.5779999999999998,0.05055689863905815,0.9683900584868042,0.03763764486149562
0.6363714196781294,0.3776428571428571,0.2557482120351649,0.6731162196679439,0.4436196352984843
0.6882544955268094,0.13431855500821016,0.2696629295280483,0.3529464285714286,0.44236977250372794
0.6750068911089032,0.11272727272727272,0.22778850564895745,0.09428571428571428,0.28285714285714286
0.7012012218715408,0.0,0.0,0.07586206896551724,0.22758620689655168
0.7138699942913834,0.0,0.0,0.0,0.0
0.7263309819085015,0.0,0.0,0.0,0.0
0.7385082902632,0.0,0.0,0.0,0.0
0.7621400900086559,0.0,0.0,0.05,0.15000000000000002
0.7504324126316655,0.0,0.0,0.0,0.0
0.7848344764766501,0.0,0.0,0.0,0.0
0.7958327026783223,0.0,0.0,0.0,0.0
0.7735854027119966,0.0,0.0,0.0,0.0
0.8275049640991302,0.0,0.0,0.0,0.0
0.8376513385958958,0.0,0.0,0.0,0.0
0.8171711459712384,0.0,0.0,0.0,0.0
0.8475770697469696,0.0,0.0,0.0,0.0
0.8066062947893027,0.0,0.0,0.0,0.0
0.8668533406301722,0.0,0.0,0.0,0.0
0.8573206456920018,0.0,0.0,0.0,0.0
0.8762103049603667,0.0,0.0,0.0,0.0
0.8853654210964728,0.0,0.0,0.0,0.0
0.903122543519609,0.0,0.0,0.0,0.0
0.8943291066527576,0.0,0.0,0.0,0.0
0.9117209988893024,0.0,0.0,0.0,0.0
0.9201693465383176,0.0,0.0,0.0,0.0
0.9444633406916711,0.0,0.0,0.0,0.0
0.9284299522254608,0.0,0.0,0.0,0.0
0.9365419465310392,0.0,0.0,0.0,0.0
0.9521319546962828,0.0,0.0,0.0,0.0
0.9733152944189551,0.0,0.0,0.0,0.0
0.9666372639509644,0.0,0.0,0.0,0.0
0.9595663922510524,0.0,0.0,0.0,0.0
0.9796956385260924,0.0,0.0,0.0,0.0
0.991539343140028,0.0,0.0,0.0,0.0
0.9857709249503196,0.0,0.0,0.0,0.0
0.9971741078954962,0.0,0.0,0.0,0.0
